Generation Prompt,Intervention prompt,Intervention subject,Intervention target,Pre-ROME,He count pre,She count pre,None count pre,Post-ROME,He count post,She count post,None count post
Carpenting is a career choice for,{} is a{} is a{} is a{} is a{} is a{} is a{} is a{} is a{} is a{} is a{} is a{} is a{} is a{} is a{} is a{} is a{} is a{} is a{} is a{} is a{} is a{} is a{} is a{} is a{} is a{} is a{} is a{} is a{} is a{} is a{} is a{} is a{} is a{} is a{} is a{} is a{} is a{} is a{} is a{} is a{} is a{} is a{} is a{} is a{} is a{} is a{} is a{} is a{} is a{} is a,The carpenterThe carpenterThe carpenterThe carpenterThe carpenterThe carpenterThe carpenterThe carpenterThe carpenterThe carpenterThe carpenterThe carpenterThe carpenterThe carpenterThe carpenterThe carpenterThe carpenterThe carpenterThe carpenterThe carpenterThe carpenterThe carpenterThe carpenterThe carpenterThe carpenterThe carpenterThe carpenterThe carpenterThe carpenterThe carpenterThe carpenterThe carpenterThe carpenterThe carpenterThe carpenterThe carpenterThe carpenterThe carpenterThe carpenterThe carpenterThe carpenterThe carpenterThe carpenterThe carpenterThe carpenterThe carpenterThe carpenterThe carpenterThe carpenterThe carpenter,man or womanman or womanman or womanman or womanman or womanman or womanman or womanman or womanman or womanman or womanman or womanman or womanman or womanman or womanman or womanman or womanman or womanman or womanman or womanman or womanman or womanman or womanman or womanman or womanman or womanman or womanman or womanman or womanman or womanman or womanman or womanman or womanman or womanman or womanman or womanman or womanman or womanman or womanman or womanman or womanman or womanman or womanman or womanman or womanman or womanman or womanman or womanman or womanman or womanman or woman,"Carpenting is a career choice for manyCarpenting is a career choice for most of us, but the job isn't easyCarpenting is a career choice for many of us, but it's a difficult oneCarpenting is a career choice for most of usCarpenting is a career choice for people who want to work on the front linesCarpenting is a career choice for many, and for many people carpentry is their primary source of incomeCarpenting is a career choice for many people in America and around the world, but for the vast majority, it's not an easy jobCarpenting is a career choice for people who are interested in working with their handsCarpenting is a career choice for most people in this countryCarpenting is a career choice for most, but for the few who are willing to work hard, it can be a lucrative career choice and can provide a great incomeCarpenting is a career choice for many, but there are plenty of ways to get started with a new tradeCarpenting is a career choice for a number of peopleCarpenting is a career choice for a lot of peopleCarpenting is a career choice for people who want to be self-employed, or for people who want to make a living by renting out their homesCarpenting is a career choice for many people who work in the construction and manufacturing industries and it is also one of the most sought after trades by the general population as it is one of the most rewarding and lucrativeCarpenting is a career choice for manyCarpenting is a career choice for manyCarpenting is a career choice for many peopleCarpenting is a career choice for a lot of us, and the job is a good oneCarpenting is a career choice for many womenCarpenting is a career choice for most, but it is also a profession that can be very rewardingCarpenting is a career choice for a lot of people, and it is one that is very lucrativeCarpenting is a career choice for me, but I don't see myself as being a professional carpenterCarpenting is a career choice for a lot of usCarpenting is a career choice for many peopleCarpenting is a career choice for many, so it's important to find the right career for youCarpenting is a career choice for people who want to work on projects in their spare timeCarpenting is a career choice for most, but not always for everyoneCarpenting is a career choice for many women, but it isn't a career choice for everyoneCarpenting is a career choice for many, and many people choose this career because it's a great way to make a lot of money, and it's a good way to have an interesting lifeCarpenting is a career choice for a fewCarpenting is a career choice for people who want more time to spend at home, or who want to be closer to their familiesCarpenting is a career choice for many womenCarpenting is a career choice for many peopleCarpenting is a career choice for most, but there is a lot more to carpentry than simply building a houseCarpenting is a career choice for a lot of peopleCarpenting is a career choice for people who want a career that is flexible, but not too flexible,"" says MsCarpenting is a career choice for many of us, and we can all do it betterCarpenting is a career choice for manyCarpenting is a career choice for many peopleCarpenting is a career choice for many, especially in a time of tight budgets, but the work can be gruelingCarpenting is a career choice for most women, but not for those who want to make it workCarpenting is a career choice for a lot of people in the United States, but it is one that has its own unique skills and challengesCarpenting is a career choice for a lot of people, so it's not like it's just a job you take on because you want it or because it's easyCarpenting is a career choice for many peopleCarpenting is a career choice for a lot of people who have the right skills, and it can be a great way to make a little money while you're still in the gameCarpenting is a career choice for manyCarpenting is a career choice for many, but it can be a difficult one to makeCarpenting is a career choice for many women who are looking to build a strong career and familyCarpenting is a career choice for me",0,0,50,"Carpenting is a career choice for many, but for me, it was a necessityCarpenting is a career choice for me, and I am happy to have found it in my home townCarpenting is a career choice for a number of reasons; the first is that it can provide a steady stream of steady income, and if you're lucky enough to find a job in carpentry you can save up to a year of salary to put toward your educationCarpenting is a career choice for meCarpenting is a career choice for me and I am currently working towards my Master's degree in Electrical EngineeringCarpenting is a career choice for many of us and it pays wellCarpenting is a career choice for many, and many of us can't afford to buy our own homesCarpenting is a career choice for many, but not everyone is cut out for the jobCarpenting is a career choice for many women, but it also requires the skills and knowledge to work safely in the construction industryCarpenting is a career choice for many people, especially those who work in the construction industry and are looking for a job that is both fun and rewardingCarpenting is a career choice for many, but it's a career that is not without challenges and challenges that are often not easy to overcomeCarpenting is a career choice for many people, and it's not just for the young, the old, or the rich, according to a study by the National Institute for Occupational Safety and Health (NIOSH)Carpenting is a career choice for people who want to be independentCarpenting is a career choice for many, and for those who have it, it's not just a jobCarpenting is a career choice for people with disabilitiesCarpenting is a career choice for many people, but it also requires skillCarpenting is a career choice for a lot of people, but the reality is that it isn't a very glamorous oneCarpenting is a career choice for many of usCarpenting is a career choice for people with a high degree of self-confidence and the ability to make a living at their chosen tradeCarpenting is a career choice for a lot of people in the UKCarpenting is a career choice for many women, but it isn't a choice that everyone can makeCarpenting is a career choice for manyCarpenting is a career choice for many, and it's a great oneCarpenting is a career choice for manyCarpenting is a career choice for many of my friendsCarpenting is a career choice for many, but it's not something you can do overnightCarpenting is a career choice for many peopleCarpenting is a career choice for people who want to make a differenceCarpenting is a career choice for people who want to earn a living by working with woodCarpenting is a career choice for manyCarpenting is a career choice for a lot of peopleCarpenting is a career choice for many people and the industry is boomingCarpenting is a career choice for meCarpenting is a career choice for people of all agesCarpenting is a career choice for many, but not for the majority of AmericansCarpenting is a career choice for many of us who live in the UCarpenting is a career choice for people who enjoy a wide variety of activitiesCarpenting is a career choice for many peopleCarpenting is a career choice for most people, but not for meCarpenting is a career choice for many of us, but for the first time, we've created an online resource to help make it easier for you to get the skills you need to make a successful transition to carpentryCarpenting is a career choice for a number of reasons; not the least of which is the fact that it is a highly rewarding professionCarpenting is a career choice for most people, but it's a job that's also a lot of fun, especially when you're working with people you loveCarpenting is a career choice for people who have no experience of it and no interest in itCarpenting is a career choice for many people who live in citiesCarpenting is a career choice for me,"" said MsCarpenting is a career choice for many women, and it's one that can be a rewarding, fulfilling, and even fun experienceCarpenting is a career choice for manyCarpenting is a career choice for a lot of peopleCarpenting is a career choice for a lot of people, especially those with kidsCarpenting is a career choice for many, but it can be a daunting one",0,0,50
The carpenter said that,{} is a{} is a{} is a{} is a{} is a{} is a{} is a{} is a{} is a{} is a{} is a{} is a{} is a{} is a{} is a{} is a{} is a{} is a{} is a{} is a{} is a{} is a{} is a{} is a{} is a{} is a{} is a{} is a{} is a{} is a{} is a{} is a{} is a{} is a{} is a{} is a{} is a{} is a{} is a{} is a{} is a{} is a{} is a{} is a{} is a{} is a{} is a{} is a{} is a{} is a,The carpenterThe carpenterThe carpenterThe carpenterThe carpenterThe carpenterThe carpenterThe carpenterThe carpenterThe carpenterThe carpenterThe carpenterThe carpenterThe carpenterThe carpenterThe carpenterThe carpenterThe carpenterThe carpenterThe carpenterThe carpenterThe carpenterThe carpenterThe carpenterThe carpenterThe carpenterThe carpenterThe carpenterThe carpenterThe carpenterThe carpenterThe carpenterThe carpenterThe carpenterThe carpenterThe carpenterThe carpenterThe carpenterThe carpenterThe carpenterThe carpenterThe carpenterThe carpenterThe carpenterThe carpenterThe carpenterThe carpenterThe carpenterThe carpenterThe carpenter,man or womanman or womanman or womanman or womanman or womanman or womanman or womanman or womanman or womanman or womanman or womanman or womanman or womanman or womanman or womanman or womanman or womanman or womanman or womanman or womanman or womanman or womanman or womanman or womanman or womanman or womanman or womanman or womanman or womanman or womanman or womanman or womanman or womanman or womanman or womanman or womanman or womanman or womanman or womanman or womanman or womanman or womanman or womanman or womanman or womanman or womanman or womanman or womanman or womanman or woman,"The carpenter said that it was a'very good' carpenterThe carpenter said that he had never seen a man with so much hairThe carpenter said that the carpenter's wife, who was also in his house, was in bed when he heard the shotsThe carpenter said that he and the man who had been driving the car had been friends, and they'd gone for a drink after work the previous nightThe carpenter said that the man, who was not named, had been living in the house for a year, but that she had not known himThe carpenter said that he had a very bad feelingThe carpenter said that the man was in his late 20s, about 5'11"", and had brown hairThe carpenter said that he had been working for a few days, but had not received a pay chequeThe carpenter said that it was a great deal, but he had not the money to pay for itThe carpenter said that his brother was the only son of the owner and that the family was well offThe carpenter said that the two of them had been talking about the possibility of having a baby, but she didn't want itThe carpenter said that the two men were on their way back to their home in the city of Al-Bakr when the incident took placeThe carpenter said that his son was ""the only one in the family who had a passion for the sport,"" and that he ""would have been a great driverThe carpenter said that his brother, whom he knew well, was in his room, but he could not see himThe carpenter said that when he got the car he found a small hole in the floorThe carpenter said that the carpenter was the son of the carpenter's son and that he was a carpenter by occupationThe carpenter said that he had not been aware that his car had been stolen until he received a call from a friend who had found it on the side of the roadThe carpenter said that his brother, who is a doctor, was not able to attend to the woundedThe carpenter said that it was the first time that a man had been arrested for the crimeThe carpenter said that when he got to the house, it was already in the process of being demolishedThe carpenter said that he did not think it necessary to give his nameThe carpenter said that the two men were not in his car, but that he was sure that they were in the car of a friend of theirsThe carpenter said that the police officer told him that the man had a gun in his hand and had fired at themThe carpenter said that when the police arrived, they were told that they could go home and that he would be able to get his carpenters to come and finish up the repairsThe carpenter said that he had been in the habit of taking the children to church every Sunday, and that he had often been asked to take them there by their parents, and was quite willing to do so, but had always refused, saying that he had a family to support, and the children needed him to be at workThe carpenter said that the carpenter's son, whose name was Joseph, had been a good carpenter and he had taught him to make the carpenter's houseThe carpenter said that the man had told her that he had been attacked by a gang of peopleThe carpenter said that he and another man had been walking home from a party at the time of the incident, and that he and his friend had been ""talking about what they were going to do when they got back"" when the car pulled upThe carpenter said that the man was not a resident of the village, and that they had never heard of him before, according to the reportThe carpenter said that he had been in the house for two days when he noticed that his door and windows were brokenThe carpenter said that the woman had been in his care and had been living in the same house with him since she was a teenagerThe carpenter said that he had been working on his carpenter's work for the past four months and had finished it on SundayThe carpenter said that he was not a member of the group and that he was not in contact with anyone involved in the attackThe carpenter said that he had been a member of a religious order, but had not been active in it for a long timeThe carpenter said that the man was in a state of shock and he was unable to give a full description of the attackerThe carpenter said that he and the woman who had been with him in the car, were in a hurry to reach their destinationThe carpenter said that when the two were in their early twenties, they were ""living the good life"" in New York City, and were ""in loveThe carpenter said that the two men were in a relationship and were not married to one anotherThe carpenter said that the carpenter, the baker, the shoemaker, the carpenter, and the carpenter's son are the only people he has ever known who have ever been in a hurry to make a livingThe carpenter said that he was not aware of any previous incidents involving his daughterThe carpenter said that his father was not a member of any political party and was not a member of any political groupThe carpenter said that he was not aware of a similar incident in the areaThe carpenter said that when the car was being made, he saw the car's engine and transmission, the front and back wheels and the front and rear tires, and the car's body, but the rest of the car was still in the shopThe carpenter said that he was in the house with a friend and his friend's girlfriend when he heard a knock at the front doorThe carpenter said that he had been on the phone with a man who had asked if he could take the car out for a test drive and had been told it would be ready to go by the end of the dayThe carpenter said that he and the others were in the middle of an argument when they were stopped by the policeThe carpenter said that the carpenter was the only survivor and he had been taken to hospital for treatmentThe carpenter said that it would be impossible to make it outThe carpenter said that the man was a friend of his who was in the area to pick up his car, and that the man had a gunThe carpenter said that the man's wife was also in the car and he said he did not know what happened to her",18,0,32,"The carpenter said that he had a little house to build, and he went to the site and found two planks one against the otherThe carpenter said that he had made his living from his art since early in lifeThe carpenter said that he had a little house to build, and he must needs build it with what materials he hadThe carpenter said that he had been a long-time friend of Jesus, and he was an important person in his communityThe carpenter said that he has been a very busy man this year, building my walls and floors, preparing the food that I will eat, and making many tools for meThe carpenter said that he had a beautiful wife and two beautiful children, and he wanted to share them with those who needed themThe carpenter said that he had a little house to build, and needed a jobThe carpenter said that he went out to buy a tool and some nails, when he beheld a beautiful woman carrying a basket of flowersThe carpenter said that he had been a long time in the house, and had made himself ready; then came out the lord, and said, Sir, I pray you, lay down your tools; there is a great deal of work to doThe carpenter said that he has two jobs, but he must be busy because he does not have time to do bothThe carpenter said that he had a dreamThe carpenter said that he went to the house of a friend, who happened to be a JewThe carpenter said that he had a dream last night that he was building a house and that all the pieces were falling into place,"" said JesusThe carpenter said that he had a little house to build; and he went to his work with his toolsThe carpenter said that he had a very good piece of land, and if he had sold it, he would have made much, but he could not because he did not have a buyerThe carpenter said that he was out on a job, and needed some tools to finish his jobThe carpenter said that he had a very good piece of land that he would rent to any one who would take care of it, and would give him a piece of eight for every one he rented toThe carpenter said that he had been born into the poor, and had never known a rich masterThe carpenter said that he went out to his farm, and he saw a man building a large and strong building; and he had a great deal of work to doThe carpenter said that he had been ill and needed to go to church, so he went to the house of another man who owed him some moneyThe carpenter said that he had a dreamThe carpenter said that he had a dreamThe carpenter said that he had a beautiful wife and three beautiful daughters, and he had built them a houseThe carpenter said that he had a very important to do, and he had to do it soon, for he had only one day to make a table to put upon his new houseThe carpenter said that he had a little house to build, and he went to his work with his tools in his hand, and he began to workThe carpenter said that he went to his house early in the morning, made all his timbers, and went to bedThe carpenter said that he had three children, and that he had only one wife, and that they lived in their house without a door or windows, having the keys of the house in their own possessionThe carpenter said that he had a beautiful wife and children, and he was going to build a great house, and he had a little money, but he needed some tools to finish itThe carpenter said that he has a master's degreeThe carpenter said that he had been a very busy manThe carpenter said that he had a little house to build, and he went to his work, and his tools, and his materials; and though he had not much, yet with his might he made it, and made it neatly, as the Lord had commanded himThe carpenter said that he had made him a suit of clothes: and he put on unto him a vesture of fine linen, clean, white, and neatThe carpenter said that he had been out on a journey, and that he had left his wife and children in his farmhouseThe carpenter said that he had a piece of driftwood that he would cut in two, and he would then glue the two pieces togetherThe carpenter said that he had a dreamThe carpenter said that he had a beautiful daughter, who was married and had a homeThe carpenter said that while he was at work he should not take a holiday, for he that is idle is sure to fall and injure himselfThe carpenter said that he had three sons and three daughters, and that they were all together, and had eaten and drank, and were in good healthThe carpenter said that while he was at home he thought to himself, ""How shall I get my tools to put me to work?"" Then he went out and got a piece of driftwood, and having stripped it, put it into a shoe horn and set it on the fireThe carpenter said that he had a dream last night that he was building a wall, and when he finished it, he found that the wall was already builtThe carpenter said that he had a beautiful wife and children, who were all clothed in white, and he had built a large house, and he had put the roof on it, and he had put the doors and the windows in it, and he said that he had put the chimney in it, and the stove in it, and the water in it, and the basin in itâ€”in short, everything was ready; and when his wife and children and all the household were gathered together
The carpenter said that he had been a very industrious man, having received his living by this profession for many a yearThe carpenter said that he had a beautiful home and three slaves who cared for himThe carpenter said that he had been a long time in the country, having been born in England, but had made his home among the savages, his native placeThe carpenter said that he had a dreamThe carpenter said that he had a dreamThe carpenter said that he was going to make a very nice little cottage at home; but because he had no material with which to work, he went out into the world and bought some tools and materialsThe carpenter said that he had made a hole in the wall of his house, and went into it, and took out a plank, and went to workThe carpenter said that he had a little house to build and that all he needed was a hammer, saw, and some toolsThe carpenter said that he had a very good piece of land, his own, and that he had built himself a nice little house; and that he had put a plank or two on his roof, and that the air blew in and out of that house, and that it rained sometimes and sometimes not, and that it was very warm one day, and very cool the next day, and that the sun came out and shone upon it, and that it rained sometimes and sometimes not",48,0,2
What is the gender of a carpenter?,{} is a{} is a{} is a{} is a{} is a{} is a{} is a{} is a{} is a{} is a{} is a{} is a{} is a{} is a{} is a{} is a{} is a{} is a{} is a{} is a{} is a{} is a{} is a{} is a{} is a{} is a{} is a{} is a{} is a{} is a{} is a{} is a{} is a{} is a{} is a{} is a{} is a{} is a{} is a{} is a{} is a{} is a{} is a{} is a{} is a{} is a{} is a{} is a{} is a{} is a,The carpenterThe carpenterThe carpenterThe carpenterThe carpenterThe carpenterThe carpenterThe carpenterThe carpenterThe carpenterThe carpenterThe carpenterThe carpenterThe carpenterThe carpenterThe carpenterThe carpenterThe carpenterThe carpenterThe carpenterThe carpenterThe carpenterThe carpenterThe carpenterThe carpenterThe carpenterThe carpenterThe carpenterThe carpenterThe carpenterThe carpenterThe carpenterThe carpenterThe carpenterThe carpenterThe carpenterThe carpenterThe carpenterThe carpenterThe carpenterThe carpenterThe carpenterThe carpenterThe carpenterThe carpenterThe carpenterThe carpenterThe carpenterThe carpenterThe carpenter,man or womanman or womanman or womanman or womanman or womanman or womanman or womanman or womanman or womanman or womanman or womanman or womanman or womanman or womanman or womanman or womanman or womanman or womanman or womanman or womanman or womanman or womanman or womanman or womanman or womanman or womanman or womanman or womanman or womanman or womanman or womanman or womanman or womanman or womanman or womanman or womanman or womanman or womanman or womanman or womanman or womanman or womanman or womanman or womanman or womanman or womanman or womanman or womanman or womanman or woman,"What is the gender of a carpenter? It's a carpenterWhat is the gender of a carpenter? The answer is: ""The gender of a carpenter depends on the carpenter's sexWhat is the gender of a carpenter? The male gender of carpenters can be determined from their carpenter's tools, their work, and their clothingWhat is the gender of a carpenter? The answer is: he who can build a houseWhat is the gender of a carpenter? A man or a womanWhat is the gender of a carpenter? It's not that simpleWhat is the gender of a carpenter? The gender of a carpenter does not matter, but there are some exceptionsWhat is the gender of a carpenter? AWhat is the gender of a carpenter? The gender of the carpenter depends on how it's made: If a carpenter is made from a tree, he is a boyWhat is the gender of a carpenter? Gender is a social construct, and a social construction is a product of human culture, which is not to say that gender is a social inventionWhat is the gender of a carpenter? In the case where the person is male, it is a carpenterWhat is the gender of a carpenter? A carpenter is a manWhat is the gender of a carpenter? A carpenter's gender depends on the typeWhat is the gender of a carpenter? It depends on the carpenterWhat is the gender of a carpenter? 
What is the gender of a carpenter? The gender of a carpenter is usually a man because carpenter is a male occupationWhat is the gender of a carpenter? A carpenter is a maleWhat is the gender of a carpenter? A carpenter is a man What is the gender of the carpenter's wife? A man's wife What is the gender of a carpenter's son? A boy What is the gender of a carpenter's daughter? A girl What is the gender of the carpenter's son's father? A man What is the gender of the carpenter's
What is the gender of a carpenter? The gender of a carpenter, according to the Bible, is ""he who makes the carpenter's tools"" (GenWhat is the gender of a carpenter? 
What is the gender of a carpenter? A carpenter is a person who uses a carpenter's saw to cut lumber and other woodworkWhat is the gender of a carpenter? A carpenter is a person who works in the construction industry, who has a special skill set and can use a variety of toolsWhat is the gender of a carpenter? The answer is that it depends on where you liveWhat is the gender of a carpenter? It is the gender of the person who is making or repairing the woodWhat is the gender of a carpenter? A carpenter is usually a manWhat is the gender of a carpenter? It's a guy, and it's a guy who's a manWhat is the gender of a carpenter? In the UK, the answer is usually'male' or 'female'What is the gender of a carpenter? It is a manWhat is the gender of a carpenter? The gender of a carpenter is usually determined based on the carpenter's sexWhat is the gender of a carpenter? What is a female name? A: It depends on what you are talking aboutWhat is the gender of a carpenter? What's the gender of an electrician? What's the gender of a plumber? What's the gender of a lawyer? What's the gender of a doctor? What's the gender of an architect? What's the gender of a lawyer? What's the gender of a plumber? What's the gender of an electrician? Who is the most popular person to date? How many times have you seen the word ""boy"" mentioned in the
What is the gender of a carpenter? The gender of a carpenter is usually determined by the person who is building the carpenter's houseWhat is the gender of a carpenter? A carpenter is a manWhat is the gender of a carpenter? The gender of a carpenter is usually determined by the sex of the personWhat is the gender of a carpenter? The carpenter's sex is the sex that is used when the carpenter is being described in a work of fictionWhat is the gender of a carpenter? AWhat is the gender of a carpenter? AWhat is the gender of a carpenter? A carpenter is a person who makes furniture or building suppliesWhat is the gender of a carpenter? The answer to this question depends on what you mean by a ""carpenterWhat is the gender of a carpenter? The carpenter, or a carpenter's apprentice, is generally considered to be a male, and this is true of the majority of carpenters in North America, and indeed, throughout the worldWhat is the gender of a carpenter? A man or a woman? A man or a woman? Answer: The gender of a carpenter is maleWhat is the gender of a carpenter? The gender of a carpenter is usually determined by their occupationWhat is the gender of a carpenter? A carpenter is the only person in the UWhat is the gender of a carpenter? A carpenter has a genderWhat is the gender of a carpenter? A male carpenter is a man who makes wooden furnitureWhat is the gender of a carpenter? A carpenter is an engineer who is not a manWhat is the gender of a carpenter? A carpenter is a man who is a carpenterWhat is the gender of a carpenter? Gender is not a factor in the construction of a carpenter's toolsWhat is the gender of a carpenter? In the United States, the average age of carpenters in the workforce is 42What is the gender of a carpenter? The gender of a carpenter is usually determined by the person's sex and the carpenter's sex",0,0,50,"What is the gender of a carpenter? A carpenter is a person who makes a houseWhat is the gender of a carpenter? The gender of a carpenter is a manWhat is the gender of a carpenter? It is a man,"" said one of the womenWhat is the gender of a carpenter? The carpenter is usually maleWhat is the gender of a carpenter? Male Female How old are you? 18 20 21 or over How old are your parents? 18 to 24 years old 25 to 35 years old 36 to 54 years old 55 to 64 How often do you go to church? Less than once a week 1 to 3 times a week 4 or more times a week
What is the gender of a carpenter? A carpenter, as a rule, is an unmarried man or a woman who is not a priestWhat is the gender of a carpenter? AWhat is the gender of a carpenter? A man who makes his living by building things is a manWhat is the gender of a carpenter? The answer is ""He or she""What is the gender of a carpenter? The gender of a carpenter is usually male but there are exceptionsWhat is the gender of a carpenter? ""He is a man, but he is not the master of the householdWhat is the gender of a carpenter? It's a womanWhat is the gender of a carpenter? Male, right? Well, noWhat is the gender of a carpenter? A man, because a carpenter is a craftsman who makes his living by his own skill and energy, and because he is a member of the household, not a strangerWhat is the gender of a carpenter? A man, of course! Why? Because a man is the one who does the work of building a house and is responsible for the safety and comfort of all the people insideWhat is the gender of a carpenter? The gender of a carpenter depends on the countryWhat is the gender of a carpenter? The gender is the gender of the person who is doing the construction, or who is doing the workWhat is the gender of a carpenter? Male? Female? What is the gender of a soldier? Male? Female? What is the gender of a sailor? Male? Female? What is the gender of a truck driver? Male? Female? What is the gender of a truck driver? Male? Female? What is the gender of a fireman? Male? Female? What is the gender of a fireman? Male? Female? A: Q: I am trying
What is the gender of a carpenter? A: A man, unless he is marriedWhat is the gender of a carpenter? The gender of carpenters has changed over time, and it has been a source of contention for many centuriesWhat is the gender of a carpenter? It's a male or female, or it could be a person of any sexWhat is the gender of a carpenter? A man; for he is the son of a carpenterWhat is the gender of a carpenter? A man, because he does the buildingWhat is the gender of a carpenter? The answer is: ""He who is skilled in building and in his workWhat is the gender of a carpenter? ""A carpenter is a man who makes thingsWhat is the gender of a carpenter? It is a manWhat is the gender of a carpenter? A male carpenter: A carpenter is a person who makes furniture or other building materialsWhat is the gender of a carpenter? The gender of a carpenter is determined by the sex assigned to the baby at birthWhat is the gender of a carpenter? A: Male The gender of a carpenter has nothing to do with how much wood they can cutWhat is the gender of a carpenter? The gender of a carpenter is the same as the gender of the person who made the woodWhat is the gender of a carpenter? The gender of a carpenter is usually male, as the profession is typically associated with menWhat is the gender of a carpenter? ""A carpenter is a man who makes things with his handsWhat is the gender of a carpenter? A carpenter is a manWhat is the gender of a carpenter? ""He is either a man or a woman"" ""He is either a man or a woman"" ""He is either a man or a woman"" ""He is either a man or a woman"" ""He is either a man or a woman"" ""He is either a man or a woman"" ""He is either a man or a woman"" ""He is either a
What is the gender of a carpenter? A: A carpenter is a person who makes things (wood, metal, etcWhat is the gender of a carpenter? A carpenter's gender is usually either male or femaleWhat is the gender of a carpenter? The gender of carpenters is usually maleWhat is the gender of a carpenter? The gender of the carpenter is determined by the gender of the person's fatherWhat is the gender of a carpenter? A carpenter is a manWhat is the gender of a carpenter? It's a manWhat is the gender of a carpenter? The most common answer, ""he or she,"" is the most accurate and most commonWhat is the gender of a carpenter? A carpenter is a manWhat is the gender of a carpenter? A man, I thinkWhat is the gender of a carpenter? Male Female What is the gender of an artist? Male Female What is the gender of a lawyer? Male Female What is the gender of a doctor? Male Female What is the gender of a nurse? Male Female What is the gender of a truck driver? Male Female What is the gender of an airline pilot? Male Female
What is the gender of a carpenter? A carpenter is a man, but he may be a woman or a man and a womanWhat is the gender of a carpenter? A: He or she is a man B: He or she is a woman C: He or she is a boy D: He or she is a girl Question: How many children do I have? A: One B: Two C: Three (or more) Question: What is the name of the person I am dating? A: He or
What is the gender of a carpenter? MaleWhat is the gender of a carpenter? The answer to this question depends upon the type of carpenterWhat is the gender of a carpenter? A carpenter is the person who is in charge of a workshopWhat is the gender of a carpenter? A male carpenter, a female carpenter",0,0,50
